StudentID,Age,Gender,State,University,Course,YearOfStudy,CGPA,AttendanceRate(%),DailyStudyHours,AssignmentScore(%),ExamScore(%),DistanceFromCampus(km),HasScholarship,PartsTimeJob,InternetAccess,Passed
STU00180,17.0,FEMALE,Enugu,BUK Kano,Engineering,2,1.9,80.6,5.1,87.5,37.4,27.9,1,No,Yes,0
STU00095,25.0,,Borno,UNN Nsukka,Statistics,5,1.74,85.4,2.6,74.3,,23.6,no,yes,No,1
STU00235,29.0,Female,Bauchi,ABU Zaria,Computer Science,5,4.6,,4.9,48.2,43.7,19.2,1,yes,no,
STU00040,25.0,FEMALE,Borno,University of Ibadan,Law,2,31.0,62.1,8.5,51.5,70.7,24.3,Yes,no,No,yes
STU00280,30.0,Female,Anambra,FUTA,STAT,5,4.15,70.9,4.0,63.8,49.6,6.5,no,yes,no,no
STU00282,16.0,Female,Enugu,University of Lagos,Statistics,2,1.12,67.8,1.1,41.0,57.2,37.0,Yes,no,0,
STU00097,16.0,Female,,OAU Ile-Ife,Physics,1,3.49,42.6,7.9,54.2,61.8,0.8,Yes,Yes,No,no
STU00032,20.0,Female,Abuja,UNN Nsukka,Accounting,2,1.85,-50.1,8.3,79.7,97.3,36.2,Yes,1,,0
STU00386,21.0,male,Kaduna,UNIPORT,Medicine,3,4.03,85.5,7.3 hrs,56.1,69.7,29.0,Yes,no,,no
STU00398,25.0,F,Imo,ATBU Bauchi,Medicine,3,-4.96,63.6,-9.6,90.9,69.0,20.4,0,no,no,yes
STU00258,24.0,Male,Rivers,UNN Nsukka,Statistics,1,1.78,56.0,11.8,47.2,86.3,3.1,No,no,0,1
STU00426,19.0,Male,Delta,BUK Kano,Law,2,4.13,86.9,6.0,251.4,47.5,27.1,yes,,1,No
STU00005,16.0,,Bauchi,UNN Nsukka,Mathematics,2,3.61,-86.8,2.4,98.5,88.0%,49.1,No,Yes,no,
STU00201,,Male,Abuja,UNIPORT,Medicine,4,1.8,97.6,2.0,61.3,85.3,27.2,,Yes,Yes,No
STU00323,25.0,,Anambra,UNIPORT,Architecture,300,2.65,75.8,,,68.6,40.6,yes,no,0,Yes
STU00320,26.0,Female,Kogi,OAU Ile-Ife,Economics,2,4.47,67.3,,-61.3,43.6,5.2,yes,no,No,Yes
STU00334,20.0,FEMALE,Borno,University of Ibadan,Physics,1,,93.1,11.4,68.1,63.8,,,Yes,0,No
STU00218,20.0,Female,Imo,UNN Nsukka,Statistics,1,1.87,82.8,2.3,253.7,82.9,39.3,,No,Yes,1
STU00035,24.0,F,Rivers,UNIPORT,PHY,1,1.49,67.9,,74.2,-75.3,18.9,Yes,,yes,no
STU00157,23.0,F,Enugu,ABU Zaria,Economics,2,1.33,93.6,6.7,64.7,96.1,19.6,1,1,0,
STU00432,29.0,F,Delta,University of Ibadan,Engineering,5,3.89,80.7,9.2,41.7,74.4,16.5,1,Yes,No,
STU00469,16.0,male,Lagos,ABU Zaria,Statistics,5,3.58,41.8,6.7,51.6,42.2,22.1,1,No,Yes,Yes
STU00387,30.0,,Lagos,University of Lagos,Law,3,2.98,53.2,990.0,42.9,88.3,3.0,1,0,No,No
STU00451,19.0,F,,FUTA,Law,3,4.19,52.7,1.6,95.0,89.7,23.1,Yes,Yes,1,no
STU00350,28.0,,Borno,UNIPORT,Engineering,4,,99.5,11.9,64.2,83.3%,2.4,Yes,Yes,0,1
STU00474,23.0,Female,Delta,ABU,Accounting,5,2.71,79.4,4.7,89.4,45.2,2.4,0,No,Yes,1
STU00107,30.0,Male,Abuja,ATBU Bauchi,,1,4.0,64.8,4.2,,,19.8,yes,No,no,yes
STU00093,17.0,,Imo,,Architecture,5L,2.3,77.7,6.5,79.6,79.7,18.7,0,Yes,No,no
STU00399,23.0,F,Ekiti,UNN Nsukka,Accounting,5,36.0,64.5,3.2,84.4,96.0,39.0,,1,yes,1
STU00351,24.0,F,Oyo,University of Lagos,Computer Science,4,,87.2,5.1,77.1,62.0,,yes,,yes,yes
STU00395,17.0,male,,OAU Ile-Ife,Accounting,5,3.63,60.5,,-82.3,55.5,7.5,,0,1,
STU00177,28.0,F,Enugu,ABU Zaria,,4,2.53,45.2,6.5,43.2,73.4,34.1,No,No,0,
STU00405,21.0,F,Anambra,OAU Ile-Ife,,,3.46,42.1%,7.9,,90.5,-36.0,1,,no,no
STU00100,23.0,Female,Bauchi,UNN Nsukka,Law,2,4.04,61.2,9.3,,-98.0,15.6,yes,No,,Yes
STU00287,23.0,FEMALE,Kano,atbu,Law,5,4.61,87.6,7.6,62.6,96.4,46.7,yes,No,,Yes
STU00423,29.0,F,Oyo,,Medicine,2,4.78,46.1,4.0,72.3,-79.4,15.4,0,Yes,No,0
STU00404,,male,Rivers,University of Lagos,Computer Science,1,3.23,48.1,7.9 hrs,60.0,45.0,48.9,No,0,yes,1
STU00439,25.0,F,Imo,OAU Ile-Ife,Accounting,1,4.49,81.9,5.4,91.8,93.0,41.2,yes,yes,,1
STU00203,18.0,Male,Rivers,ABU Zaria,Statistics,1,2.72,84.5,-4.7,64.9,,46.8,no,Yes,1,
STU00034,18.0,FEMALE,,UNN Nsukka,Computer Science,2,4.0,86.4,11.8,52.0,49.1,35.6,no,0,no,No
STU00426,19.0,Male,Delta,BUK Kano,Law,2,4.13,86.9,6.0,251.4,47.5,27.1,yes,,1,No
STU00233,20.0,F,Kano,FUTA,Computer Science,5,4.49,,6.8,61.9%,68.3,40.7,yes,0,yes,
STU00270,23.0,,Anambra,,Medicine,1,2.12,95.4,2.3,98.4,56.1,37.9,1,yes,,yes
STU00207,26.0,Female,Borno,FUTA,Mathematics,3,4.63/5.0,55.9,2.0,,69.5%,40.6,yes,,No,Yes
STU00279,24.0,Male,Enugu,ATBU Bauchi,Computer Science,,1.46,57.8,9.4,91.3,53.5,46.4,1,no,,0
STU00224,20.0,FEMALE,Borno,ATBU Bauchi,Law,2,2.7,94.1,-2.6,59.5,68.2,28.4,,No,No,1
STU00332,16.0,FEMALE,Enugu,UNIPORT,Computer Science,1,1.05,74.5,6.1,99.1,42.8,47.8,yes,Yes,no,
STU00405,21.0,F,Anambra,OAU Ile-Ife,,,3.46,42.1%,7.9,,90.5,-36.0,1,,no,no
STU00339,21.0,Female,Borno,UNIBEN,Physics,5,4.02,,2.1,50.7,80.1,23.0,no,no,yes,1
STU00208,26.0,Male,Lagos,ABU Zaria,Medicine,2,3.51,59.8,,45.1,85.2%,26.1,yes,Yes,Yes,yes
STU00389,26.0,M,Borno,University of Ibadan,Engineering,,-2.44,49.1,2.5,77.7,51.3,12.8,No,no,yes,Yes
STU00220,25.0,Female,Kaduna,FUTA,Law,3,1.66,41.8,1.7,42.0,49.1,18.6,1,1,no,Yes
STU00388,18.0,FEMALE,Ekiti,BUK Kano,Accounting,3L,-3.75,70.5,6.8,63.7,57.4,8.4,0,yes,Yes,Yes
STU00002,20.0,Male,Lagos,OAU Ile-Ife,Law,5,3.53/5.0,84.9,8.1,48.2,,27.9,no,no,,1
STU00028,20.0,F,,OAU Ile-Ife,Statistics,1,1.47,71.7,3.5,88.9,,15.3,Yes,no,1,Yes
STU00260,17.0,M,Delta,UNIPORT,Law,3,4.29,53.2,3.2,43.8,-63.8,2.9,No,,,
STU00325,24.0,F,Delta,OAU Ile-Ife,Medicine,4,3.5,60.7,1040.0,88.8,76.7,43.3,0,yes,no,yes
STU00413,27.0,Male,Lagos,ATBU Bauchi,Computer Science,2,1.45,51.8,1.2 hrs,49.7,48.6%,9.0,no,No,Yes,1
STU00461,27.0,Male,Enugu,UNN Nsukka,Statistics,,3.64,91.5,11.0,43.9,74.6,11.3,1,yes,yes,1
STU00116,24.0,,Kaduna,UNN Nsukka,Economics,2,3.33,57.0,2.4,82.0,66.2%,38.6,1,1,yes,yes
STU00134,30.0,Male,Kaduna,University of Lagos,Economics,4,1.08/5.0,78.0,3.9,66.8,90.4,8.2,No,No,0,Yes
STU00087,28.0,F,Delta,BUK Kano,Law,,4.51,47.9,7.2,72.2,87.1,47.0,no,0,,no
STU00384,29.0,F,,UNN Nsukka,Mathematics,4,1.84,64.0,3.1,88.2,70.0,29.8,yes,No,no,Yes
STU00089,23.0,M,Kaduna,UNN Nsukka,Medicine,5,2.93,864.0,7.3,82.8,79.3,8.4,yes,Yes,1,no
STU00152,22.0,male,Enugu,ABU Zaria,,5,2.33,67.4%,3.1,60.1,55.0,21.8,0,no,yes,yes
STU00091,16.0,male,Oyo,UNIBEN,Law,5,,419.0,4.6,41.7%,42.6,13.8km,No,,Yes,no
STU00145,29.0,Female,Rivers,UNN Nsukka,Medicine,4,4.34,82.9,7.8,73.0%,90.5,25.4,1,no,,
STU00328,18.0,Female,Kano,UNN Nsukka,Physics,3,3.13,,8.5,45.5,84.5,30.2,1,0,1,
STU00417,28.0,F,Abuja,,Architecture,4,4.65,97.3,2.6,45.8,61.1,29.3,0,0,1,1
STU00013,,M,Anambra,ABU Zaria,Computer Science,4,3.11,84.7,1.9,-83.5,92.7,38.9,,yes,Yes,Yes
STU00198,23.0,Female,Delta,,Accounting,,1.31,95.7,2.7,97.5,87.1%,43.1,0,no,Yes,1
STU00484,21.0,,Ekiti,University of Lagos,Architecture,2,1.82,96.9,5.1,85.3,52.9,15.1,Yes,1,,1
STU00309,29.0,,Kaduna,FUTA,Accounting,5,2.49,80.2,1.4,96.8,76.5,17.0,1,1,no,No
STU00154,23.0,Male,Oyo,UNIPORT,Mathematics,4,2.98,78.2,,57.3,63.1,2.3,no,yes,,No
STU00424,25.0,F,Anambra,FUTA,Architecture,2,4.91/5.0,66.4,3.3,65.1,69.7,8.3,Yes,,Yes,1
STU00265,22.0,,Kaduna,FUTA,Law,5,2.4,,9.0,66.2,87.7,32.4,yes,0,1,no
STU00329,29.0,F,Ekiti,ABU Zaria,Mathematics,1,1.8,53.7,2.8,80.8,80.3,17.6,Yes,,,yes
STU00286,23.0,F,Borno,ABU Zaria,Architecture,1,2.27,64.2,6.0,90.4,56.7,25.2,no,yes,,yes
STU00247,28.0,M,Enugu,UNIBEN,Economics,4,2.83,885.0,6.8,51.1,73.7,16.4,No,Yes,yes,no
STU00462,25.0,FEMALE,Ekiti,unilag,Architecture,4,4.02,42.7,8.9,94.5,75.6,21.4,no,Yes,1,
STU00092,18.0,Male,Enugu,University of Ibadan,,4,4.21,85.6,1.2,53.9,47.5,36.0,No,1,no,1
STU00251,21.0,FEMALE,Abuja,University of Lagos,Engineering,5,2.22,97.1,6.4,80.3,82.8,7.8,no,1,,no
STU00166,30.0,F,Anambra,OAU Ile-Ife,Economics,4,3.56,67.0,7.2,99.4,71.3,24.1,No,No,,1
STU00024,28.0,M,Imo,UNN Nsukka,Architecture,5,4.39,40.1,8.1,71.9,60.7,5.4,,Yes,Yes,Yes
STU00308,,F,Bauchi,ABU Zaria,Architecture,4,6.36,88.0,11.5,270.5,61.1,35.9,No,,0,No
STU00444,23.0,M,Abuja,,Computer Science,3,,52.7,4.8,81.1,39.0,49.2,No,no,0,0
STU00490,17.0,Male,Enugu,FUTA,Architecture,4,2.95,40.9,6.0,50.8,33.2,33.1,,no,Yes,
STU00290,24.0,M,Abuja,UNIPORT,Law,5,2.42,60.2,2.5,64.8,67.7,44.5,no,0,No,no
STU00111,24.0,F,Kaduna,BUK Kano,Medicine,1,5.25,94.6,3.1,60.1,31.3,19.5,Yes,1,No,yes
STU00242,19.0,,Kano,UNN Nsukka,Computer Science,3,3.03,54.7,6.3,70.6,45.4,38.7,yes,yes,yes,
STU00276,21.0,Male,Imo,UNN Nsukka,Medicine,5,3.6,78.9,8.7,76.3,71.2,36.1,1,no,1,no
STU00183,21.0,,Lagos,FUTA,Architecture,2,4.91,83.6,7.7,59.0,69.7,,,yes,1,yes
STU00120,25.0,Male,Kano,FUTA,Law,1,4.8,64.8,4.4,65.9,54.1,42.8,1,No,1,
STU00090,21.0,FEMALE,Borno,University of Lagos,Accounting,2,1.08,62.8,11.5,95.1,61.3,48.7,yes,No,0,Yes
STU00150,24.0,M,Imo,ABU Zaria,Mathematics,5,2.31,,9.3,46.9,70.4,8.5,,Yes,No,
STU00494,18.0,male,Abuja,UNIPORT,Architecture,4,2.09,87.8,11.2,42.5,95.6,47.2,Yes,1,1,
STU00374,28.0,male,Ekiti,,Law,1,4.03,-49.2,3.2,67.5,63.3,22.1,0,,no,No
STU00120,25.0,Male,Kano,FUTA,Law,1,4.8,64.8,4.4,65.9,54.1,42.8,1,No,1,
STU00478,21.0,M,Rivers,FUTA,Mathematics,2,1.03,97.2,5.8,84.9,60.4,25.2,no,No,1,no
STU00172,30.0,male,Imo,OAU Ile-Ife,Law,5,2.01,57.2,11.4,59.5,87.4,28.4,no,Yes,1,Yes
STU00307,30.0,M,Oyo,BUK Kano,Accounting,3,-1.71,51.0,6.0,58.7,75.4,20.0,Yes,0,1,yes
STU00303,23.0,Male,Abuja,UNIBEN,Law,3,1.72,72.7%,3.6,69.7,68.4,42.1,,no,1,No
STU00442,,Female,Kaduna,University of Ibadan,Law,1,3.47,56.5,,74.8,31.3,-36.3,yes,yes,Yes,No
STU00255,21.0,Female,Imo,OAU Ile-Ife,Computer Science,3L,4.72,64.2,2.8,72.3,63.0,2.4,,no,no,Yes
STU00227,22.0,M,Oyo,ATBU Bauchi,Statistics,2,1.54,72.2,6.9,68.3,80.9,32.0,yes,yes,1,Yes
STU00136,16.0,Male,Imo,ATBU Bauchi,Computer Science,4,4.17,89.6,3.3,79.2,62.4,37.4,1,yes,Yes,yes
STU00406,24.0,,Ekiti,ABU Zaria,Medicine,1,1.39,51.0,10.1,95.3,99.8,14.6,yes,no,No,no
STU00288,30.0,male,Anambra,University of Lagos,Physics,2,2.73,88.7,11.1,60.2,79.9,2.5,,Yes,Yes,
STU00023,16.0,M,Delta,BUK Kano,Architecture,4,2.7,96.0,9.5,,92.8,29.5,No,no,No,1
STU00104,27.0,M,Borno,OAU Ile-Ife,Law,1,4.24,60.1,2.5,50.5,94.4,35.5,1,No,yes,
STU00463,19.0,Female,Lagos,UNIPORT,Economics,3,,57.5,9.5,259.6,-80.3,-18.7,No,No,0,no
STU00468,23.0,Male,,UNIPORT,Accounting,1,4.28,71.7,8.2,,49.7,24.3,yes,1,1,Yes
STU00341,29.0,M,Enugu,OAU Ile-Ife,Mathematics,4,4.76,74.6,10.6,88.2,-69.1,17.2,no,,0,0
STU00015,20.0,Female,Kano,OAU Ile-Ife,Law,5,4.77,68.8,10.5,54.3,45.1,4.4,Yes,,0,Yes
STU00051,17.0,F,Bauchi,University of Lagos,Engineering,2L,1.48/5.0,82.2,5.4,68.9,32.5,17.7,yes,No,Yes,1
STU00133,28.0,FEMALE,Bauchi,FUTA,Accounting,5,1.16,52.0,5.1,87.4%,35.7,6.8,yes,Yes,1,
STU00313,21.0,Female,,UNIPORT,Computer Science,2,3.36,90.2,-10.6,58.1,,21.0,,,Yes,no
STU00441,30.0,F,,ATBU Bauchi,Medicine,,2.51,87.8,1.8,80.3,70.8,5.7,,no,No,Yes
STU00053,18.0,male,Anambra,UNIPORT,Medicine,2,1.23,73.7,4.7,,55.1,47.7,,Yes,No,0
STU00482,26.0,M,Borno,ABU Zaria,Computer Science,3,4.35,98.3,7.2,54.7,40.8,47.0,0,0,yes,no
STU00438,26.0,FEMALE,Ekiti,OAU Ile-Ife,Law,3,4.48,75.2,3.4,,40.5,49.1,No,Yes,,0
STU00416,22.0,male,Enugu,BUK Kano,Engineering,4,1.09,72.5,2.3,52.2,63.0,12.4,1,No,no,1
STU00168,18.0,F,Bauchi,UNIPORT,Physics,4,1.09,57.3,3.3,94.1,42.1,10.8,yes,No,,No
STU00434,19.0,FEMALE,Kogi,BUK Kano,Economics,2,2.52,60.1,8.2,86.6,74.3,,yes,0,Yes,1
STU00448,24.0,FEMALE,Enugu,UNIPORT,Law,2,3.61,83.8,11.8,95.6%,,19.4,yes,No,,1
STU00169,27.0,FEMALE,Kogi,FUTA,Economics,2,1.31,94.7,2.6,77.5,38.1,16.5,yes,Yes,1,0
STU00176,24.0,M,Enugu,ABU Zaria,,1,2.8,91.2,4.3,96.1,71.1,41.3,0,no,Yes,yes
STU00229,16.0,Female,,UNIBEN,Mathematics,5,4.62,43.4,10.1,59.8,52.5,40.1,,,No,No
STU00420,17.0,FEMALE,Enugu,FUTA,Economics,5,3.12,55.0,10.5,86.9,,19.8,0,,,0
STU00103,21.0,Male,Ekiti,ATBU Bauchi,Economics,1,2.74,659.0,,76.1,66.8,16.5,1,1,yes,0
STU00269,16.0,FEMALE,Oyo,ABU Zaria,Computer Science,4,3.19,55.4,3.0,40.2,232.1,23.7,Yes,yes,no,0
STU00407,17.0,,,UNIPORT,Engineering,4,2.71,71.0,,91.7,71.8,32.5,,No,no,0
STU00061,24.0,FEMALE,Bauchi,UNIPORT,Medicine,4,3.16,60.4,8.0,51.0,48.7,7.1,0,1,Yes,
STU00257,18.0,,Enugu,UNIPORT,Statistics,2L,4.22,69.8,8.4,,61.5,1.5,yes,no,yes,no
STU00272,24.0,F,Kano,OAU Ile-Ife,Physics,1,3.6,417.0,10.7,63.3,72.8,9.3,0,yes,,no
STU00311,23.0,Male,Abuja,ATBU Bauchi,Engineering,5,2.19,73.8,9.2,88.4,69.9,5.9,,1,Yes,yes
STU00044,24.0,Male,Rivers,,Engineering,4,1.44,44.3,-10.2,53.1,92.8,24.0,yes,no,yes,0
STU00243,22.0,Female,Oyo,University of Lagos,Law,4,2.24,77.8,3.9,41.1,90.0,3.5,No,0,no,
STU00489,26.0,male,Lagos,BUK Kano,Medicine,5,-1.07,84.9,6.1,84.0,65.0,42.0,No,,no,0
STU00354,21.0,,Borno,BUK Kano,Statistics,5,3.86,782.0,11.0,49.3,70.7,21.7,0,No,Yes,1
STU00361,22.0,FEMALE,Abuja,UNIPORT,Law,1,,76.7,6.2 hrs,62.6,97.9,12.3,1,Yes,no,1
STU00080,24.0,F,Ekiti,UI,Physics,4,,99.4,8.3,57.9,51.1,-31.1,,no,,1
STU00241,27.0,F,Ekiti,University of Lagos,Physics,3,2.97,46.5,5.2,89.6,75.8,32.4,0,0,,Yes
STU00188,23.0,FEMALE,Abuja,University of Lagos,Economics,4,4.83,88.4,9.0,85.2,55.8,29.3,no,no,no,
STU00331,16.0,male,Oyo,ABU Zaria,Architecture,300,4.04,91.6,11.9,55.9,38.9,21.2,No,Yes,1,yes
STU00445,24.0,F,,UNIPORT,Physics,5,2.48,82.5,10.8,72.8,74.6,48.0,yes,1,No,yes
STU00148,,male,Ekiti,UNIBEN,Accounting,4,4.45/5.0,40.2,2.5,71.5,87.9,46.2,1,yes,Yes,yes
STU00117,16.0,,Anambra,UNIBEN,Medicine,,3.29,56.7,6.0,75.9,84.0,48.8,1,no,1,yes
STU00415,16.0,FEMALE,Anambra,OAU Ile-Ife,Medicine,5,1.68,41.7,4.9,60.3,78.5,22.7,no,1,,1
STU00310,19.0,Male,Abuja,ATBU Bauchi,Statistics,1L,2.21,-88.7,4.9 hrs,67.3,49.2,25.3,1,No,no,Yes
STU00435,28.0,M,Oyo,ATBU Bauchi,Physics,3,-3.81,45.4,9.5,67.5,,20.4,,0,no,yes
STU00132,24.0,male,Kaduna,University of Ibadan,Economics,3,1.55,98.4,8.6,45.8,90.9,43.2,Yes,no,No,Yes
STU00102,26.0,Female,Abuja,University of Ibadan,Mathematics,1,4.33/5.0,96.3,8.7,71.8,66.0,29.6,1,yes,yes,0
STU00348,18.0,Male,Abuja,University of Lagos,Computer Science,2,4.06,77.8,3.3,-41.1,57.4%,30.9,,0,1,
STU00379,22.0,Female,Enugu,,ARCH,5,3.21,53.5,6.8,43.9,32.1,13.5,No,Yes,,
STU00119,23.0,,Ekiti,ATBU Bauchi,MED,5,1.75,,4.9,271.7,49.2,28.0,,0,No,
STU00022,27.0,FEMALE,Ekiti,UNIPORT,Mathematics,5,3.94,99.4,8.0,41.3,98.3,49.0,no,no,Yes,1
STU00493,20.0,Female,Ekiti,UNIBEN,Economics,1,,67.0,,68.3,76.1,7.8,yes,yes,No,No
STU00017,27.0,Female,Ekiti,BUK Kano,,200,2.21,83.7,130.0,79.7,,43.9,no,no,Yes,yes
STU00498,22.0,Male,Abuja,BUK Kano,STAT,4,2.72/5.0,57.5,6.5,56.3%,,48.6,1,yes,no,1
STU00245,22.0,,Enugu,BUK Kano,Law,1,3.17,77.5,7.2,55.0,31.3,2.3,Yes,No,Yes,yes
STU00184,22.0,male,Imo,OAU Ile-Ife,Computer Science,4,2.38,76.4,11.2,78.4,,,1,no,no,no
STU00460,20.0,male,Kaduna,,Accounting,2,4.29,57.0,1.8,87.1,67.0,15.1,No,Yes,,1
STU00256,26.0,,Kano,UNIBEN,Statistics,4,4.5,50.2,10.7,78.9,68.2,,Yes,,0,0
STU00062,16.0,F,Kogi,FUTA,Architecture,3,4.14,55.8,6.5,41.3,210.6,13.6,1,1,Yes,1
STU00403,26.0,male,Anambra,ATBU Bauchi,Accounting,3,4.27,53.4,4.8,46.1,86.9,,no,No,yes,no
STU00324,16.0,,Enugu,UNIBEN,Law,4,1.66,41.1,-7.6,58.9,44.1,32.0,no,1,Yes,yes
STU00336,27.0,F,Kogi,UNIBEN,Engineering,1,3.89,91.1,3.6,,30.3,26.8,0,0,Yes,0
STU00217,26.0,Male,Lagos,University of Lagos,Computer Science,3,16.299999999999997,59.9,5.1,87.6,78.3,7.9,no,Yes,,No
STU00122,21.0,Male,Abuja,UNIPORT,Architecture,1,4.71,75.7,11.7,49.1,62.3,14.7,1,no,,
STU00074,23.0,FEMALE,,OAU Ile-Ife,Accounting,2,4.56,60.2,4.4,55.3,77.4%,39.4,no,no,1,No
STU00401,26.0,F,Kaduna,UNN Nsukka,Medicine,5,4.13,77.7,11.6,63.6,,28.6,yes,1,Yes,
STU00324,16.0,,Enugu,UNIBEN,Law,4,1.66,41.1,-7.6,58.9,44.1,32.0,no,1,Yes,yes
STU00352,26.0,M,Kogi,BUK Kano,Statistics,1,,73.5,3.5,56.5,,46.9,yes,,no,
STU00149,23.0,Female,Delta,ATBU Bauchi,Medicine,1,3.47,883.0,1.2,83.2,46.4,24.7,no,0,No,Yes
STU00314,22.0,,Delta,University of Lagos,,3,2.25,79.6,5.2,,,40.7,yes,,yes,no
STU00271,23.0,male,Kano,ATBU Bauchi,Law,5,4.3,79.1,9.7,75.2,91.8,46.0,No,1,0,no
STU00030,17.0,Male,Kogi,OAU Ile-Ife,Medicine,1,4.92,94.5,7.5,88.7,76.9,,No,0,no,no
STU00315,25.0,Male,,ATBU Bauchi,Statistics,1,3.37/5.0,56.0,5.0,85.7,55.7,12.8,Yes,yes,Yes,1
STU00368,23.0,male,Imo,University of Ibadan,Statistics,1,2.99,,11.4,,84.0,19.5,,Yes,,
STU00385,19.0,male,Oyo,ATBU Bauchi,Computer Science,1,3.19,99.0,2.6,67.6,89.9,37.9,,no,yes,0
STU00293,21.0,Male,Borno,UNN Nsukka,Mathematics,2,1.25,-89.7,4.6,95.4,75.6,22.4,no,Yes,Yes,
STU00470,22.0,M,Rivers,ABU Zaria,Law,,4.81,,9.4,55.7,66.9,23.5,no,1,,No
STU00096,23.0,,Enugu,University of Ibadan,Engineering,3,3.85,84.1,4.8,65.4,52.9,46.5,No,1,0,yes
STU00496,,male,Anambra,UNN Nsukka,,3,7.38,77.3,9.8,70.4,62.1,36.1,0,No,Yes,1
STU00057,23.0,male,Rivers,UNIBEN,Mathematics,2,3.61,93.8,-5.8,85.0,,30.4,yes,No,no,yes
STU00048,30.0,Female,,FUTA,Accounting,,3.24,94.1,4.2,69.0,62.5,29.0,no,,No,0
STU00367,28.0,male,Imo,University of Lagos,Statistics,5,3.77,74.8,11.7,53.0,99.0,26.6,,No,,1
STU00137,19.0,F,Kogi,BUK Kano,Engineering,4,1.91,62.2,7.9,46.6,42.3,42.0,,No,yes,1
STU00394,26.0,,Abuja,FUTA,Mathematics,5,24.0,53.5,5.3,70.1,57.7,11.8,0,yes,,1
STU00139,,F,Anambra,UNN Nsukka,Architecture,4,2.47,-87.7,8.8,66.7,36.2,28.8,1,Yes,yes,
STU00158,28.0,F,Anambra,OAU Ile-Ife,Economics,3,1.81,62.9,6.0,60.4,89.2,27.7,,1,1,no
STU00142,19.0,Female,Ekiti,FUTA,Architecture,4,4.47,58.1,5.2,91.4,90.9,,1,Yes,No,1
STU00004,17.0,,Kaduna,University of Ibadan,Engineering,1,2.11,994.0,11.2,93.4,75.7,31.3,No,No,,
STU00376,,F,Bauchi,OAU Ile-Ife,Law,1,,61.1,,74.0,51.1,,Yes,no,1,1
STU00135,18.0,Male,Ekiti,OAU Ile-Ife,,3,4.12,54.3,5.4,40.8,43.0,8.3,1,Yes,Yes,no
STU00347,24.0,Female,Rivers,FUTA,Mathematics,5,4.65,686.0,,55.1,67.4,2.4,Yes,,1,no
STU00414,18.0,Female,Delta,OAU Ile-Ife,Law,2,2.34,44.1,9.5,58.1,48.1,10.7,Yes,0,1,0
STU00141,26.0,M,,atbu,Engineering,5,3.96,58.6,1.2,61.5,51.3,40.0,1,No,no,0
STU00051,17.0,F,Bauchi,University of Lagos,Engineering,2L,1.48/5.0,82.2,5.4,68.9,32.5,17.7,yes,No,Yes,1
STU00453,29.0,FEMALE,Enugu,University of Ibadan,Mathematics,4,1.9,81.5,7.5,42.6,57.7,14.4,0,,1,
STU00326,18.0,F,Kano,FUTA,Accounting,3,2.16,60.6,6.0,50.9,79.9,41.0,No,1,no,0
STU00081,28.0,,Lagos,University of Ibadan,,3,3.41,50.1,6.5 hrs,76.5,44.5,-41.6,No,0,,No
STU00072,21.0,F,Kaduna,UNIBEN,Physics,2,2.77,44.1,7.9,42.3,64.4,41.3,,,No,0
STU00296,18.0,M,Rivers,OAU Ile-Ife,Accounting,3,3.95,,520.0,,88.3,14.2,Yes,,no,
STU00045,,Male,Oyo,UNIBEN,Computer Science,1,1.13,67.7,11.7,52.7,81.7,8.2,yes,yes,No,
STU00443,30.0,M,Kogi,UNN Nsukka,Mathematics,400,1.48,80.0,7.9,51.0,84.8,31.4km,Yes,No,Yes,yes
STU00193,25.0,Female,Borno,UNIBEN,Accounting,5,4.18,91.2,-4.5,55.0,35.7,36.8,0,1,,0
STU00343,26.0,Female,Kaduna,University of Lagos,Computer Science,2,3.66,74.0,10.6,57.6,-43.7,,yes,Yes,no,No
STU00165,24.0,male,Borno,BUK Kano,Statistics,4,2.84,67.9,10.9,,91.7%,6.2,0,Yes,0,
STU00366,24.0,,Borno,UNIPORT,Accounting,4,4.64,67.3,7.1,64.2,,43.4,1,no,Yes,No
STU00346,27.0,,Bauchi,UNIBEN,Medicine,3,3.97,40.3,6.9,60.0,99.7,10.6,,0,Yes,0
STU00319,25.0,Male,Enugu,BUK Kano,Mathematics,5,2.28,89.6,2.3,79.2,-99.3,45.2,1,0,no,no
STU00186,22.0,Female,Kogi,,Accounting,100,4.88,53.5,6.0,89.6,54.7,,,Yes,,no
STU00261,22.0,M,Kano,OAU Ile-Ife,Engineering,1,1.98,727.0,,89.4,98.6,-26.7,Yes,,0,no
STU00378,19.0,FEMALE,Bauchi,UNIPORT,Computer Science,2,1.45,58.6,6.5,71.7,79.7,17.5,No,Yes,0,Yes
STU00472,20.0,male,Borno,BUK Kano,Computer Science,2,2.61,95.7,8.7,88.7,49.2,-32.1,yes,No,no,yes
STU00232,29.0,FEMALE,Bauchi,ATBU Bauchi,Accounting,3,1.37,,1.2,81.6,81.9,37.4,1,yes,Yes,1
STU00440,22.0,Male,Bauchi,UNIBEN,,5,,,5.9,88.8,90.0,43.1,No,yes,no,no
STU00249,26.0,male,Anambra,University of Lagos,Engineering,3,1.94,75.4,8.0,76.7,87.6,27.7,yes,1,Yes,no
STU00278,29.0,F,Lagos,UNIPORT,Computer Science,4,-2.16,50.3,10.9,58.4,80.0,8.3km,0,0,No,
STU00160,18.0,F,Lagos,UNIPORT,Mathematics,3,1.4,91.5,5.7,59.0,90.3%,8.9,0,,Yes,
STU00037,17.0,male,Delta,OAU Ile-Ife,Medicine,5,1.97,66.5,2.9,52.9,72.7,16.1,No,No,1,1
STU00443,30.0,M,Kogi,UNN Nsukka,Mathematics,400,1.48,80.0,7.9,51.0,84.8,31.4km,Yes,No,Yes,yes
STU00356,16.0,FEMALE,Rivers,ABU Zaria,Computer Science,2,-4.75,74.6,6.8,45.2,87.3,12.0,yes,Yes,no,0
STU00202,19.0,F,Enugu,University of Lagos,,5,4.53,82.2,7.8,59.1,38.9,36.3,no,Yes,,Yes
STU00162,26.0,M,Ekiti,UNIBEN,Mathematics,2,1.52,79.2,7.5,42.0,70.4,1.3,yes,0,1,Yes
STU00471,22.0,male,Lagos,FUTA,Medicine,1,4.24,41.5,5.8,95.2,52.6,33.5,No,1,0,0
STU00190,29.0,F,Bauchi,UNIPORT,Computer Science,4,4.24,67.8,1.0,57.7,93.9,45.8,1,0,Yes,
STU00197,28.0,F,Rivers,UNIBEN,Physics,4L,4.51,83.8,7.6,92.5,82.5,,no,no,no,No
STU00084,28.0,Male,Lagos,,Mathematics,5,4.04,92.0,9.6 hrs,78.0,70.5,42.3,0,no,1,0
STU00466,28.0,FEMALE,Delta,ATBU Bauchi,Economics,2,2.47,47.4,3.6,81.5,41.5,20.6,yes,Yes,no,no
STU00283,16.0,,Bauchi,UNIBEN,Statistics,1,3.87,82.4,2.2,275.1,82.5,25.8,Yes,1,0,0
STU00027,28.0,male,Lagos,University of Ibadan,Economics,3,3.73,91.9,8.9,-66.4,72.4,-37.7,1,Yes,No,0
STU00250,27.0,FEMALE,Imo,University of Lagos,Architecture,1,2.02,67.3,6.5,41.1,46.0,21.1,0,0,,1
STU00181,30.0,F,Kogi,ABU Zaria,Medicine,5,-1.17,89.4,9.5,42.1,57.5,41.0,0,,0,
STU00358,20.0,Female,Anambra,OAU Ile-Ife,Law,3,4.5,60.8%,8.9,61.3,74.8,46.7,,1,No,No
STU00397,26.0,male,Imo,ABU Zaria,Law,4,1.97,60.6%,1.1,61.6,67.0,14.6,yes,yes,1,No
STU00277,19.0,,Ekiti,FUTA,Engineering,2,2.4,93.8%,3.8,52.4,39.9,6.9km,0,no,No,no
STU00011,26.0,,Anambra,BUK Kano,STAT,2,3.01,87.1,5.3,83.5,54.2,44.2,No,No,Yes,no
STU00140,28.0,Female,Oyo,UNIBEN,Statistics,2L,4.2,82.2,9.1,71.7,185.2,10.3,yes,yes,,yes
STU00377,20.0,F,Bauchi,OAU Ile-Ife,ARCH,5,1.56,-87.7,3.3,100.0,82.7,33.9,,No,no,yes
STU00042,27.0,M,Enugu,UNIPORT,Physics,4,2.58,63.9,9.9,70.8,87.0,40.6,no,no,,no
STU00129,19.0,F,Kano,UNN Nsukka,Engineering,2,2.65,86.5,-7.4,56.5,99.4,25.6,1,,,yes
STU00106,28.0,Male,,ABU Zaria,Economics,1,4.48,86.8,5.5,89.6,86.1,37.8,,,Yes,Yes
STU00486,25.0,F,Kaduna,ATBU Bauchi,Economics,3,2.76,66.1,5.0,272.3,41.6,2.9,yes,,0,1
STU00254,28.0,,Ekiti,FUTA,Statistics,4,4.31,78.6,7.1,55.5,71.2,23.5,,,1,Yes
STU00497,16.0,F,Enugu,futa,Mathematics,2,1.53,62.2,7.9,83.9,68.3,41.2,1,1,1,Yes
STU00088,18.0,M,Enugu,buk,CS,5,-4.85,84.3,6.1,66.6,58.2,2.0,0,No,1,0
STU00252,20.0,male,Kaduna,University of Lagos,,5,4.43,76.8,,53.8,80.8,39.4,,yes,no,0
STU00500,18.0,Female,,OAU Ile-Ife,Physics,5,16.4,59.8,4.0,71.7,66.4,2.8,No,No,1,No
STU00025,30.0,Female,Delta,,Computer Science,3,4.71,77.1,6.9,51.9,73.7,46.3,yes,yes,no,Yes
STU00284,21.0,FEMALE,Kogi,University of Ibadan,Engineering,3,1.25,99.4,1.9,92.5,36.3,14.2,Yes,,0,No
STU00073,23.0,FEMALE,Borno,ABU Zaria,Statistics,2,2.26,81.7,11.5,53.6,75.3,21.6,No,No,yes,Yes
STU00164,26.0,male,Borno,UNN Nsukka,Accounting,4,3.18,66.4,-2.1,92.0,35.7,19.3,No,1,0,1
STU00170,17.0,FEMALE,Anambra,University of Ibadan,Mathematics,5,2.35,49.6,5.6,55.7,96.1,27.2,no,No,Yes,Yes
STU00268,19.0,FEMALE,Rivers,UNIBEN,Law,1,2.27,76.9,2.7,43.6,98.5,20.3,1,1,,
STU00063,27.0,Female,Rivers,UNN Nsukka,Mathematics,4,2.23,90.3,7.4,80.0,-98.3,4.7,0,No,1,No
STU00353,19.0,FEMALE,Kaduna,BUK Kano,Accounting,4,3.44,,7.7,96.2,,15.9,,Yes,yes,1
STU00408,26.0,Male,Bauchi,BUK Kano,Law,4,2.57,77.5,6.0,51.5,80.4,34.6,0,,1,no
STU00195,16.0,male,Abuja,ATBU Bauchi,Physics,2,4.16,85.1,3.4,98.6,62.1,25.7,1,no,yes,0
STU00123,24.0,FEMALE,,UNIBEN,Law,3,4.09,53.3,3.7,87.2,47.8,29.1,Yes,yes,Yes,no
STU00419,28.0,F,Bauchi,University of Ibadan,Statistics,4,1.11,41.5,990.0,93.3,34.6,49.1,no,yes,0,No
STU00173,16.0,,Imo,University of Ibadan,Law,4,2.23,,6.2,59.4,69.6,10.1,Yes,Yes,no,0
STU00131,,FEMALE,Kaduna,ATBU Bauchi,Statistics,1,4.26,47.2,4.2,64.0,85.7,16.2,1,No,Yes,yes
STU00038,30.0,male,Lagos,OAU Ile-Ife,Law,3,2.09,64.9,3.0,97.1,208.2,2.4,0,0,Yes,0
STU00455,16.0,male,Ekiti,ATBU Bauchi,Engineering,1,1.33,53.8,7.2,,31.9,45.5,yes,1,1,yes
STU00285,,M,Bauchi,UNIPORT,Physics,3,2.67,44.0,10.0,91.8,33.8,10.3,no,Yes,0,No
STU00118,25.0,,Enugu,ABU Zaria,Statistics,3,1.79,61.8,9.1,56.4,39.9,42.2,no,1,no,
STU00263,22.0,male,Ekiti,FUTA,,4,4.48,58.2,6.5,-40.5,50.5,27.5,0,1,0,yes
STU00289,26.0,F,Enugu,BUK Kano,Medicine,2,3.04,97.3,4.2,69.5,93.2,46.1,no,no,Yes,yes
STU00065,21.0,M,Bauchi,UNIPORT,Medicine,1,2.92,95.0,2.4,86.8,213.2,,No,,No,0
STU00012,23.0,M,Borno,UNN Nsukka,Engineering,1,,751.0,9.5 hrs,75.6,36.7%,43.2,,No,0,No
STU00421,,FEMALE,Ekiti,OAU Ile-Ife,Medicine,1,1.7,61.1,7.9,88.5,66.9,48.7,no,1,,0
STU00246,19.0,M,Lagos,UNIBEN,Physics,3L,2.13,61.6,9.9,,96.2,21.5,yes,1,no,1
STU00267,22.0,Male,Enugu,OAU Ile-Ife,ACCT,5,1.12,74.4,11.1,67.4,70.2,33.2,no,Yes,Yes,0
STU00215,25.0,Male,Borno,UNIBEN,Computer Science,1,,84.1,4.8,79.3,,5.9,No,no,No,Yes
STU00205,25.0,Female,Kano,University of Lagos,Statistics,4,3.21,86.3%,4.2,58.0,57.9,5.5,Yes,Yes,no,No
STU00231,18.0,Male,Enugu,ATBU Bauchi,LAW,5,3.28,71.5,8.3,96.3,31.3,14.0,yes,No,1,Yes
STU00302,18.0,FEMALE,,UNIBEN,Accounting,3,2.33,62.4,7.7,42.8,99.9,11.1,no,1,yes,No
STU00141,26.0,M,,atbu,Engineering,5,3.96,58.6,1.2,61.5,51.3,40.0,1,No,no,0
STU00360,30.0,male,Kaduna,University of Ibadan,Mathematics,2,2.52,43.5,4.6,53.0,48.8,4.4,no,0,0,no
STU00234,27.0,male,,UNN Nsukka,Accounting,1,4.97,72.5,10.2,56.7,88.5,33.3,yes,0,Yes,No
STU00370,24.0,Male,Oyo,ABU Zaria,Law,4,3.56,61.6,12.0,53.6,45.3,40.8,Yes,Yes,1,0
STU00009,19.0,FEMALE,Imo,atbu,Medicine,4,3.61,68.8,11.6,74.6,80.0,9.0,Yes,yes,0,
STU00204,18.0,FEMALE,Imo,FUTA,Architecture,3,4.25,58.1,5.2,90.9,90.8,18.6,no,yes,Yes,no
STU00236,16.0,male,Kogi,University of Lagos,ACCT,5,3.12,89.6,2.3,88.7,75.1,26.4,No,yes,no,yes
STU00396,18.0,M,Lagos,UNN Nsukka,Medicine,2,1.79,59.6,7.4,72.1,50.0%,44.4,no,0,no,0
STU00114,27.0,M,Oyo,UNN Nsukka,Medicine,3,1.37,90.0,3.8,46.0,66.8,18.4,No,No,No,Yes
STU00001,28.0,Male,Kano,oau,,5,3.28,86.4%,6.7,66.5,51.0,34.6,0,0,,Yes
STU00337,22.0,F,,UNIBEN,Statistics,5,7.29,60.1,9.4,75.7,-97.6,21.5,Yes,,no,
STU00259,30.0,M,Lagos,UNIPORT,CS,3,2.8,97.0,5.5,62.6,52.2,1.3,No,,1,Yes
STU00016,,FEMALE,,,Law,2,3.54,88.5,6.3,57.0,57.2,24.5,no,Yes,yes,
STU00239,22.0,F,Anambra,OAU Ile-Ife,PHY,4,4.16,97.2,4.5,48.7,,21.6,no,0,,No
STU00125,20.0,FEMALE,Imo,UNIPORT,Computer Science,5,4.98,67.9,3.5,57.8,33.8,23.8,1,0,0,1
STU00230,27.0,Female,Bauchi,FUTA,Engineering,5,4.67,92.6,5.7,91.6,31.4,1.1,no,,yes,No
STU00422,21.0,FEMALE,Abuja,FUTA,Engineering,2,2.93,91.6,4.9,74.3,47.7,21.7,No,0,,1
STU00449,22.0,Female,Enugu,FUTA,Architecture,,2.24,80.6,3.8,,85.4,2.8,yes,no,no,Yes
STU00333,22.0,Male,Borno,University of Lagos,,2,3.53,68.6,11.6,80.8,76.4,22.2,yes,No,yes,Yes
STU00033,22.0,M,Borno,University of Lagos,Law,2,4.59,43.9,4.2,56.5,31.8,5.1,Yes,,yes,no
STU00154,23.0,Male,Oyo,UNIPORT,Mathematics,4,2.98,78.2,,57.3,63.1,2.3,no,yes,,No
STU00446,30.0,male,Lagos,University of Ibadan,Physics,2,1.82,85.2,3.9,85.7,54.9,18.9,0,yes,yes,0
STU00214,24.0,F,Kogi,ATBU Bauchi,Law,3,2.6/5.0,41.2,11.9,98.2%,43.3,29.0,Yes,no,no,Yes
STU00321,25.0,Male,Kaduna,University of Ibadan,Architecture,1,7.06,49.1,9.0,,229.2,20.0,0,Yes,no,no
STU00126,25.0,,Kano,UNN Nsukka,Law,5,3.72,94.6,6.4,64.2,76.7,24.7,0,No,1,1
STU00495,28.0,Female,Anambra,FUTA,Statistics,5L,3.24,87.7,2.3,59.6,93.8,16.8,,No,no,
STU00316,22.0,Female,Ekiti,BUK Kano,Mathematics,4,,91.9,10.8,69.5,,21.1,No,0,no,no
STU00175,16.0,M,Imo,UNIPORT,Physics,1,1.03/5.0,80.8,6.5,-60.7,62.2,49.8,1,0,1,
STU00281,28.0,M,Delta,UNN Nsukka,Accounting,5,4.6,,6.9,79.6,74.1,40.0km,1,0,No,No
STU00085,23.0,M,Kogi,University of Lagos,Accounting,5,3.03,99.5,10.6,76.6%,83.6,23.8,yes,,Yes,0
STU00070,30.0,,Lagos,UNIBEN,Computer Science,3,,96.2,8.0,71.0,62.0,,Yes,1,,
STU00274,23.0,F,Enugu,ATBU Bauchi,Engineering,2,4.31,50.1,3.6,82.6,64.5,33.8,Yes,yes,yes,Yes
STU00391,19.0,male,Delta,University of Ibadan,Architecture,1,3.08,55.6,10.5,95.9,37.2,35.5,yes,yes,no,0
STU00052,30.0,Male,Ekiti,ATBU Bauchi,Architecture,100,2.27,63.0,11.7,56.1,61.5,0.7,Yes,yes,0,
STU00128,24.0,Female,Kogi,UNIBEN,Mathematics,1,4.76,50.9,,43.3,89.2,35.4,0,no,1,yes
STU00452,26.0,male,Bauchi,UNN Nsukka,Law,4,4.78,52.6,5.1,,64.2,45.8,,no,yes,no
STU00163,16.0,Male,Lagos,FUTA,Mathematics,2,4.2,,2.0,,46.6,45.4,yes,0,no,No
STU00275,28.0,FEMALE,Rivers,UNIBEN,Law,4,2.31,65.0,10.2,88.9,32.0,31.6,no,No,,No
STU00317,29.0,Male,Kogi,ABU Zaria,Mathematics,4,3.14,51.5,7.3,54.5%,97.3,44.6,0,No,yes,
STU00028,20.0,F,,OAU Ile-Ife,Statistics,1,1.47,71.7,3.5,88.9,,15.3,Yes,no,1,Yes
STU00006,17.0,M,Rivers,UNIPORT,Mathematics,2,4.56,47.9,10.6,44.5,61.9,7.0,0,yes,No,0
STU00366,24.0,,Borno,UNIPORT,Accounting,4,4.64,67.3,7.1,64.2,,43.4,1,no,Yes,No
STU00300,23.0,male,Kaduna,UNIBEN,Accounting,5,1.32,40.1,5.0,59.2,99.7,,yes,,,Yes
STU00484,21.0,,Ekiti,University of Lagos,Architecture,2,1.82,96.9,5.1,85.3,52.9,15.1,Yes,1,,1
STU00491,29.0,Female,Bauchi,UNIPORT,Medicine,2,4.53,45.4,4.6,68.2,47.0,17.5,No,no,yes,yes
STU00373,,male,Bauchi,UNIPORT,Engineering,2,1.84,83.5,3.7,70.5,93.7,6.8,1,1,yes,Yes
STU00029,27.0,F,Kaduna,FUTA,Medicine,4,1.22,93.9,-1.8,,77.7,32.8,no,Yes,No,Yes
STU00380,20.0,FEMALE,Bauchi,OAU Ile-Ife,ARCH,4L,4.33,65.8,2.7,77.9,86.6,33.1,No,1,yes,0
STU00301,25.0,male,Enugu,UNN Nsukka,Statistics,1,,60.5,11.8,40.6,44.1,44.0,0,yes,1,
STU00253,17.0,,Ekiti,,Economics,4,2.21,46.5,7.8,86.2,47.2,12.4,Yes,0,0,yes
STU00109,29.0,Female,Kano,UNIBEN,Statistics,1,3.05,97.3,-11.2,75.3,60.8,3.9,No,Yes,No,Yes
STU00372,30.0,Male,Delta,ATBU Bauchi,Computer Science,1,2.43,86.0,3.9,98.9,61.3,0.6,no,no,No,
STU00427,25.0,F,Bauchi,ABU Zaria,Law,3,2.97,50.8,8.1,41.3,97.3,28.8,0,No,yes,no
STU00146,27.0,F,Borno,FUTA,Medicine,4,1.6,44.1,1.2,81.9%,54.9,,1,,Yes,
STU00306,24.0,FEMALE,Kano,ABU Zaria,Physics,5,1.53,78.0,5.4,91.3,92.7,41.4,1,no,No,1
STU00179,26.0,F,Lagos,University of Ibadan,Engineering,5,,42.5,3.2,85.7,53.4%,19.4,,Yes,yes,no
STU00298,30.0,Female,Rivers,ATBU Bauchi,Engineering,5,20.4,55.4,3.5,97.7,75.8,,yes,0,Yes,Yes
STU00099,19.0,Male,Kogi,OAU Ile-Ife,Physics,3,3.49,97.3,4.6,,68.7,-48.2,no,yes,yes,0
STU00297,29.0,M,Kogi,University of Lagos,Law,4,3.68,82.0,,93.8,44.2,36.4,,,,1
STU00014,19.0,,Anambra,UNIPORT,Engineering,2,2.78,44.8,7.7,92.8,54.7,21.2,No,yes,no,no
STU00021,29.0,F,Kogi,BUK Kano,Statistics,2,3.43,67.6,8.8,69.7,44.0,-3.8,0,no,No,yes
STU00392,19.0,Male,Ekiti,University of Lagos,Economics,4,1.01,95.5,7.2,75.3,51.4,48.7,0,no,,No
STU00262,22.0,Female,Oyo,ATBU Bauchi,Accounting,2,5.12,40.3,4.7,58.4,98.4,15.3,no,No,,1
STU00492,30.0,M,Bauchi,University of Ibadan,Economics,5,3.8,43.0,6.5,42.5,42.6,11.8,,no,Yes,Yes
STU00036,25.0,Male,Ekiti,ABU Zaria,Mathematics,4,2.29,866.0,5.6,68.7,95.1,6.0,,no,1,No
STU00058,27.0,Female,Oyo,UNN Nsukka,Law,3,2.83,61.6,5.7,93.1,56.4,5.2km,0,,1,0
STU00459,26.0,M,Rivers,University of Ibadan,Economics,3,3.24,91.0,919.9999999999999,89.1,91.0,23.5,,,0,1
STU00243,22.0,Female,Oyo,University of Lagos,Law,4,2.24,77.8,3.9,41.1,90.0,3.5,No,0,no,
STU00222,21.0,male,Delta,ABU Zaria,Law,1,-2.91,75.4,2.8,64.5,92.4,36.7,No,yes,no,
STU00272,24.0,F,Kano,OAU Ile-Ife,Physics,1,3.6,417.0,10.7,63.3,72.8,9.3,0,yes,,no
STU00083,27.0,,Bauchi,FUTA,Medicine,3,2.85,75.7,5.1,285.9,94.4,16.2,1,no,1,1
STU00322,,Male,Abuja,UNIBEN,Statistics,4,3.63,93.9,11.9,57.1,47.1,33.9,No,no,Yes,1
STU00412,19.0,F,Rivers,BUK Kano,Mathematics,2,1.89,55.5,10.1,-54.7,79.1,,0,Yes,1,0
STU00200,26.0,F,Delta,,,2,1.75,959.0,9.6,84.0,-65.1,9.0,,Yes,1,1
STU00359,28.0,Male,Lagos,ABU Zaria,Economics,4,39.6,68.2,-4.2,66.8,60.5%,39.4,,no,no,yes
STU00212,,Female,Kaduna,University of Ibadan,Engineering,5,4.2,56.6,5.5,80.3,83.3,21.1,0,1,yes,No
STU00371,,male,Rivers,UNIPORT,Mathematics,4L,4.57,55.6,11.0,78.8,73.7,46.0,0,no,yes,
STU00226,28.0,,Rivers,University of Ibadan,Engineering,,1.39,72.2,11.9,94.5,57.6,43.6,0,yes,1,no
STU00375,28.0,Female,Anambra,ABU Zaria,Accounting,3,4.64,48.5,6.3,76.6,84.3%,5.0,0,Yes,yes,
STU00055,24.0,Male,Lagos,ABU Zaria,Mathematics,4,1.81,,9.1,95.0,92.5,,yes,No,0,0
STU00077,26.0,F,Kaduna,OAU Ile-Ife,Physics,1,2.98,59.4,1.3,67.1,81.5,31.7,no,no,0,yes
STU00124,17.0,M,Anambra,University of Ibadan,Computer Science,1,,55.8,5.9,79.5,47.4,11.9,No,Yes,yes,0
STU00335,18.0,,Rivers,University of Lagos,Physics,3,2.35,80.9,,67.2,89.2,36.1,1,0,yes,
STU00480,30.0,male,Kaduna,UNIPORT,Medicine,3,4.64,68.7,4.6,88.5,82.8,6.5km,no,,no,
STU00312,23.0,M,Ekiti,UNIPORT,Computer Science,1,3.45,72.4,,97.3,97.7,37.4,yes,Yes,0,
STU00481,22.0,F,Imo,ABU Zaria,Architecture,2,4.51,,,42.2,79.8,13.2,yes,,no,
STU00078,21.0,Female,Bauchi,FUTA,Architecture,3,3.45,58.6%,10.4,246.8,54.9,,1,,0,no
STU00108,,Female,Ekiti,UNN Nsukka,Engineering,2,3.35,81.9,5.7,70.8,90.3%,16.2,yes,Yes,0,1
STU00450,25.0,M,Rivers,UNIBEN,Mathematics,2,,,3.2,47.3,240.2,21.1,No,1,,
STU00369,16.0,F,Kano,UNIBEN,Mathematics,4,2.15,75.2,2.6,69.4,88.7,40.5,0,No,no,0
STU00295,28.0,,Oyo,University of Ibadan,Mathematics,1L,3.2,72.1,,66.4,,33.2km,,1,,no
STU00086,19.0,F,Imo,OAU Ile-Ife,Accounting,2,2.04,95.0,11.9,71.0,94.9,27.6,Yes,no,1,yes
STU00264,18.0,male,Anambra,UNIBEN,Engineering,3,4.73,79.1,3.7 hrs,68.4,30.1,46.6,,Yes,Yes,0
STU00326,18.0,F,Kano,FUTA,Accounting,3,2.16,60.6,6.0,50.9,79.9,41.0,No,1,no,0
STU00031,24.0,Female,Anambra,UNIBEN,Economics,5,2.14,96.1,7.3,97.5,87.7,23.3,Yes,,0,
STU00191,16.0,M,Kogi,UNIBEN,Medicine,1,,66.1,11.1,57.3,79.2,-33.8,Yes,1,Yes,yes
STU00340,17.0,FEMALE,Bauchi,ABU Zaria,Medicine,5,2.39,,2.0,73.5,71.0,9.7,no,yes,No,Yes
STU00111,24.0,F,Kaduna,BUK Kano,Medicine,1,5.25,94.6,3.1,60.1,31.3,19.5,Yes,1,No,yes
STU00355,18.0,,Abuja,OAU Ile-Ife,Medicine,3,3.98,,7.2,68.7,57.7,43.9,,No,No,1
STU00049,18.0,Female,Kano,OAU Ile-Ife,Economics,2,15.0,,6.1,94.3,94.5,,No,yes,No,0
STU00178,17.0,M,Anambra,UNIPORT,Mathematics,3,2.13,98.0,-5.3,267.6,81.0,24.0,,yes,No,No
STU00214,24.0,F,Kogi,ATBU Bauchi,Law,3,2.6/5.0,41.2,11.9,98.2%,43.3,29.0,Yes,no,no,Yes
STU00068,16.0,Male,Borno,UNIBEN,Medicine,2,1.44,97.1%,9.7,90.0,,49.6,yes,Yes,0,
STU00010,29.0,FEMALE,Delta,OAU Ile-Ife,Mathematics,5,3.47,41.8,4.6,55.6,,9.5,0,Yes,yes,yes
STU00342,29.0,male,Delta,ATBU Bauchi,Medicine,1,,51.9,10.8,,39.4,13.0,yes,no,No,yes
STU00211,18.0,male,Lagos,buk,Medicine,2,-4.8,49.0,130.0,55.3,,2.8,yes,0,no,No
STU00500,18.0,Female,,OAU Ile-Ife,Physics,5,16.4,59.8,4.0,71.7,66.4,2.8,No,No,1,No
STU00221,25.0,Female,Delta,ABU Zaria,Mathematics,5,2.53,-74.4,6.4,84.5,52.1,7.3,yes,Yes,Yes,yes
STU00244,30.0,,Oyo,UNIPORT,Engineering,2,3.16,96.5,10.4,88.1,-81.0,39.2,yes,,1,0
STU00429,21.0,F,Delta,University of Lagos,Engineering,5,2.6,-80.8,9.3,,76.2,46.9,,1,,Yes
STU00130,17.0,M,Imo,University of Lagos,Economics,3,4.67,75.0,11.2,61.2,82.2,35.4km,Yes,Yes,No,No
STU00294,26.0,FEMALE,Imo,UNN Nsukka,Mathematics,5,1.06/5.0,87.9,1.5,,33.5,5.9,,,no,Yes
STU00327,16.0,Male,Bauchi,UNIPORT,Physics,3,16.599999999999998,,2.4,49.6,43.8%,12.4,0,,no,No
STU00381,28.0,F,Rivers,University of Lagos,Engineering,1,,70.0,8.2,75.8,60.6,2.5,0,yes,No,
STU00144,27.0,,Bauchi,BUK Kano,Economics,5,4.02,,8.1,47.1,,-30.8,0,no,1,No
STU00059,22.0,,Anambra,University of Lagos,Medicine,5,2.89,40.7,6.1,90.8,44.8,48.9,No,no,No,1
STU00430,17.0,Female,Delta,UNIPORT,Economics,4,4.24,47.5,10.7,62.5,246.6,21.4,yes,Yes,No,No
STU00365,23.0,Female,Lagos,,Accounting,4,4.59,85.0,1.3,46.8,91.1,37.2,0,yes,No,No
STU00064,17.0,FEMALE,Bauchi,OAU Ile-Ife,Mathematics,1,1.28,62.6,4.8,49.5,56.8,31.5,Yes,no,Yes,yes
STU00182,19.0,male,Enugu,,Architecture,2,1.64,86.0,1.9,89.0,56.5,8.1,No,,1,yes
STU00041,26.0,M,Abuja,UNIBEN,,2,2.22,69.8,,51.7,79.5,41.4,1,0,no,Yes
STU00121,19.0,Male,Kaduna,BUK Kano,Engineering,3,1.29,54.6,3.7,44.8,90.2,13.2,,1,,
STU00433,,Male,Ekiti,BUK Kano,Computer Science,1,7.43,,7.9,47.0,63.9,4.6,,No,1,No
STU00428,16.0,Male,Kaduna,FUTA,Architecture,,1.32,71.1,990.0,-72.0,30.7,10.1,Yes,1,No,no
STU00485,17.0,F,,UNIBEN,Statistics,300,4.1,82.0,8.2,40.8,-97.5,7.6,No,no,,0
STU00228,18.0,F,Borno,UNIBEN,Mathematics,3,3.09,90.0,7.9,92.6,79.2,12.3,No,,,yes
STU00476,20.0,F,,BUK Kano,Architecture,1,4.56,,5.9 hrs,,44.1,9.7,0,Yes,0,0
STU00153,21.0,,Anambra,FUTA,Computer Science,4,2.36,97.3,-2.6,70.1,86.7,30.0,No,no,yes,
STU00143,30.0,male,Oyo,University of Lagos,Architecture,3,4.87,75.0,8.2,57.7,64.2,19.5,,yes,1,1
STU00487,17.0,Male,Borno,FUTA,Accounting,5,2.28,96.2,9.7,96.2,61.4,,yes,no,no,0
STU00171,,F,Rivers,UNN Nsukka,Law,5,2.44,98.1,5.6,61.3,73.4,37.1,No,Yes,,
STU00206,29.0,M,Enugu,ABU Zaria,Architecture,3,3.92,58.8,6.9,70.6,74.1,38.2,no,,,0
STU00075,23.0,F,Lagos,University of Lagos,Economics,4,3.81,46.3,280.0,90.1,38.4,17.6,1,yes,Yes,1
STU00043,,M,Lagos,FUTA,Engineering,4,17.4,80.5,4.5,83.2,59.0,24.8,1,No,1,0
STU00219,30.0,male,Rivers,OAU Ile-Ife,Computer Science,1,1.13,92.1,5.2,98.4,99.8,40.4,Yes,Yes,yes,
STU00185,27.0,F,Kano,UNIBEN,Medicine,4,1.47,99.2,,75.4,36.0,-33.8,yes,0,,No
STU00156,28.0,Male,Borno,ABU Zaria,Medicine,2,,46.0,-1.4,76.6,72.1,,1,No,yes,yes
STU00436,,M,,University of Lagos,Engineering,5,4.27,94.2,2.1,76.8,76.0,37.9,1,0,No,no
STU00039,28.0,M,Imo,University of Lagos,Physics,4,1.03,84.0,4.0,43.9,73.5,19.1,0,Yes,No,no
STU00138,26.0,F,Kogi,BUK Kano,CS,1,1.45,,2.8,80.7,77.1,27.9,yes,yes,no,0
STU00147,29.0,Female,Kano,FUTA,,3,1.03,43.9,9.2,53.8,40.4,15.2,Yes,Yes,no,yes
STU00382,17.0,Male,Kaduna,UNIPORT,Economics,5,4.16,-77.7,2.4,65.2,80.9,44.9,no,,No,yes
STU00409,,F,,ATBU Bauchi,Medicine,3,2.02,96.3,9.6,58.3,62.1,26.8,yes,Yes,yes,Yes
STU00082,17.0,male,Oyo,UNIPORT,Computer Science,3,3.92,87.6,6.8,97.7,37.6,5.5,1,1,yes,1
STU00271,23.0,male,Kano,ATBU Bauchi,Law,5,4.3,79.1,9.7,75.2,91.8,46.0,No,1,0,no
STU00248,30.0,M,Enugu,University of Ibadan,Economics,3,4.66,67.8,11.3,91.2,46.3,-20.7,0,no,no,0
STU00127,19.0,F,Borno,FUTA,Computer Science,3,1.03,56.5,9.6,53.1,49.5,0.9,1,No,1,1
STU00187,21.0,Male,Imo,FUTA,Statistics,3L,3.58,,10.5,95.0,33.5,12.9,no,Yes,0,No
STU00192,17.0,FEMALE,Borno,UNIPORT,Engineering,3,1.95,48.9,5.9,45.6,240.0,4.8,yes,Yes,No,1
STU00151,18.0,male,Bauchi,University of Lagos,Engineering,5,1.51,85.1,5.8,90.7,44.2%,3.4,No,No,,Yes
STU00098,19.0,Female,,OAU Ile-Ife,Physics,4,2.14,96.5,7.9,78.3,91.6,46.0,no,Yes,Yes,0
STU00305,24.0,M,Bauchi,OAU Ile-Ife,Statistics,4,3.86,70.7,6.9,67.8,99.7,29.2,0,no,Yes,yes
STU00060,22.0,FEMALE,Kano,University of Ibadan,Medicine,4,2.43,45.2,11.4,59.2,30.1,5.9,No,No,No,yes
STU00291,29.0,Male,Lagos,University of Ibadan,Engineering,1,-2.02,54.9,3.9,77.6,87.1,5.0,No,no,0,1
STU00383,28.0,FEMALE,Delta,University of Ibadan,PHY,4,,59.1,6.1,,92.5%,21.2,,No,,1
STU00066,29.0,,Ekiti,University of Lagos,Medicine,4,,56.7,5.3,90.0,92.6,20.7,0,No,Yes,Yes
STU00411,21.0,F,Bauchi,OAU Ile-Ife,Mathematics,5,4.54,49.5,9.7,94.7,34.7,9.2,yes,1,,
STU00007,21.0,F,Ekiti,University of Lagos,Engineering,4,6.96,99.4,1.2,49.7,40.2,48.1,Yes,Yes,yes,0
STU00056,20.0,male,,unilag,Medicine,,1.77,41.5,3.9,79.9,55.7,36.2,yes,Yes,no,yes
STU00369,16.0,F,Kano,UNIBEN,Mathematics,4,2.15,75.2,2.6,69.4,88.7,40.5,0,No,no,0
STU00338,29.0,FEMALE,Kaduna,ATBU Bauchi,Statistics,5,2.26,58.2,2.9,83.6,55.8,15.2,,yes,1,
STU00110,20.0,Female,Abuja,OAU Ile-Ife,Accounting,,4.4,62.4,9.2,64.8,92.9,11.7,0,1,Yes,
STU00238,29.0,F,Ekiti,UNIBEN,,4,3.35,93.8,9.6,53.3,83.6,9.0,No,1,No,no
STU00209,18.0,Male,Delta,atbu,Statistics,2,19.4,58.5,2.6,79.2,66.8,-13.4,No,No,no,no
STU00456,27.0,M,Ekiti,,Engineering,200,1.88,95.4,8.1,90.7,49.6,10.8,Yes,no,0,No
STU00054,18.0,Male,Borno,University of Ibadan,Law,5,2.1,61.7,11.6,62.3,83.2,36.9,No,yes,Yes,0
STU00177,28.0,F,Enugu,ABU Zaria,,4,2.53,45.2,6.5,43.2,73.4,34.1,No,No,0,
STU00402,23.0,,Bauchi,ATBU Bauchi,STAT,2,3.86,81.5,1.7,75.0,68.8,24.6,no,no,1,1
STU00159,26.0,F,Enugu,UNIBEN,Engineering,1,1.51,42.5%,10.6,,67.2,40.0,,0,,0
STU00488,28.0,FEMALE,Borno,UNN Nsukka,Architecture,1,4.84,42.4,4.2,81.8,75.6,,No,no,No,no
STU00418,26.0,M,Kogi,UNN Nsukka,Economics,,3.19,98.7,3.9,255.0,96.3,18.3,1,Yes,0,no
STU00400,30.0,Female,Borno,ATBU Bauchi,Medicine,1,2.64,46.7,4.9,99.6,96.0,38.1,0,0,yes,0
STU00241,27.0,F,Ekiti,University of Lagos,Physics,3,2.97,46.5,5.2,89.6,75.8,32.4,0,0,,Yes
STU00210,21.0,F,Anambra,BUK Kano,Physics,2,3.67,42.3,11.9,41.6,64.9,32.1,,0,no,Yes
STU00454,17.0,M,Delta,FUTA,Computer Science,100,3.74,89.8,5.0,58.2,77.1,15.7,yes,No,no,
STU00390,22.0,Female,Abuja,UNIPORT,Computer Science,2,2.51,,-3.0,41.6,57.3,14.6,yes,,No,
STU00019,17.0,Female,Borno,buk,Computer Science,1,2.98,59.8,10.6,72.0,63.8,13.1,Yes,Yes,no,1
STU00431,23.0,FEMALE,Kano,ABU Zaria,Engineering,5,4.11/5.0,91.7,7.3 hrs,96.2,86.4,27.9,,No,Yes,0
STU00437,27.0,,Kaduna,OAU Ile-Ife,,3,4.7,51.5,1.4,77.7,85.2,30.5,yes,No,1,Yes
STU00225,28.0,M,Kogi,University of Ibadan,Statistics,,4.03,88.3,4.6,84.0,48.5,13.0,0,yes,Yes,0
STU00069,16.0,FEMALE,Rivers,UNIPORT,Law,5,4.49,91.5,1.4,59.0,96.5,10.0,Yes,no,0,yes
STU00026,25.0,male,Imo,UNIBEN,Mathematics,3,3.22,48.3%,9.8,45.2,56.3%,22.5,yes,no,1,no
STU00115,18.0,Female,Kano,ABU Zaria,Architecture,5,2.08,64.3,4.8,260.4,66.4,36.4,1,Yes,0,
STU00205,25.0,Female,Kano,University of Lagos,Statistics,4,3.21,86.3%,4.2,58.0,57.9,5.5,Yes,Yes,no,No
STU00273,28.0,M,Oyo,UNIBEN,Physics,5,3.48,90.1,-8.6,,79.8,43.0,1,,yes,
STU00465,23.0,male,Kano,FUTA,Medicine,2,1.9,79.3,10.4,83.1,30.3,4.5,no,No,1,No
STU00155,22.0,Male,Enugu,OAU Ile-Ife,Accounting,5,2.8,90.8,,87.1,66.7,14.5,No,1,0,0
STU00349,,Female,,UNN Nsukka,Statistics,3,3.2,43.2,11.1 hrs,66.0,,39.2,0,0,0,no
STU00196,17.0,M,Kogi,FUTA,Architecture,1,,42.1,9.1 hrs,77.0,93.4,30.1,Yes,no,yes,1
STU00499,20.0,Female,Enugu,UNIBEN,Engineering,,4.97,67.2,3.3,85.4,60.9,45.5,Yes,yes,1,1
STU00483,24.0,,Borno,,Computer Science,5,1.28,82.3,2.5,51.0,98.2,45.2,no,No,no,no
STU00046,22.0,male,Imo,BUK Kano,Accounting,1,4.49,74.8,8.4,83.1,74.8,39.5,yes,Yes,no,yes
STU00344,23.0,FEMALE,Oyo,University of Lagos,Computer Science,5,1.33,96.3,-5.2,56.0,52.3,16.2,No,,0,no
STU00105,30.0,Female,Bauchi,,Engineering,4,4.7,76.1,5.5 hrs,44.2,70.3,34.5,No,no,No,no
STU00357,24.0,Male,,University of Ibadan,Architecture,2,3.48,70.4,8.3,67.5,92.9,,0,no,No,No
STU00330,18.0,F,Kano,UNIBEN,Law,4,5.34,45.0,2.8,92.3,63.6,10.4,,Yes,No,no
STU00318,18.0,male,Borno,OAU Ile-Ife,Engineering,5,3.33,56.5,-11.5,58.1,37.8,9.6,yes,0,no,no
STU00473,23.0,Male,Borno,UNN Nsukka,Law,3,1.74,81.7,5.1,98.0,-45.4,36.9,0,No,1,yes
STU00410,23.0,F,Delta,,Law,3,2.46,89.2,3.6,80.1,85.0,1.9,1,0,1,no
STU00189,29.0,F,Delta,ABU Zaria,,5,2.33,51.5,,49.3,60.1,14.1km,0,No,0,No
STU00317,29.0,Male,Kogi,ABU Zaria,Mathematics,4,3.14,51.5,7.3,54.5%,97.3,44.6,0,No,yes,
STU00425,29.0,Male,Delta,ATBU Bauchi,Engineering,5,2.59,92.4,1.8,59.6,46.7,46.0,,,0,Yes
STU00237,24.0,Male,Kogi,University of Ibadan,Law,5,2.53,64.5,11.1,,32.2,26.4,1,Yes,no,0
STU00240,28.0,male,Imo,,Mathematics,1,7.47,87.6,2.3,94.6,64.3,45.0,no,yes,Yes,1
STU00161,28.0,Male,Kaduna,,Accounting,5,2.66,-54.0,2.8,54.0,80.5,30.0,1,No,Yes,yes
STU00067,26.0,,,UNN Nsukka,Engineering,1,4.12,60.7,9.9,,46.4,44.8km,No,,1,Yes
STU00003,30.0,F,Anambra,FUTA,,,4.27,555.0,2.0,92.4,38.1,47.8,0,0,1,
STU00457,28.0,F,Ekiti,UNN Nsukka,Engineering,4,1.66,51.8,7.1,89.9,73.1,25.7,yes,no,,0
STU00266,27.0,Female,Rivers,BUK Kano,Economics,5L,1.48,79.8,3.1,79.9,54.1%,17.4,0,0,1,No
STU00479,22.0,Male,Delta,FUTA,Accounting,1,2.79,45.7,5.2,68.8,47.1,36.0,,No,No,No
STU00447,25.0,M,Imo,ATBU Bauchi,Economics,2,17.4,67.9,,47.2,81.9,24.2,,,,Yes
STU00047,30.0,Female,Kaduna,UNIPORT,Law,1,3.99,81.1%,9.8,294.3,34.5,38.6,0,Yes,1,0
STU00467,29.0,Male,Enugu,ABU Zaria,Accounting,5,4.43/5.0,-69.4,5.4,98.6,63.6,41.9,1,0,1,
STU00458,22.0,Female,Kaduna,buk,Medicine,2,3.57,65.8,12.0,48.8,90.5,29.4,1,0,yes,0
STU00364,,,Delta,ATBU Bauchi,Economics,4,4.52,49.2,3.1,56.4,75.6,27.3,Yes,0,0,yes
STU00304,29.0,Female,Kano,OAU Ile-Ife,Accounting,5,4.84,-66.8,4.6,47.9,224.9,23.8,no,yes,No,1
STU00363,17.0,FEMALE,,FUTA,Law,2L,4.31,55.9,11.9,57.7,46.4,25.9,1,1,0,0
STU00345,26.0,F,Ekiti,UNIBEN,Architecture,2,,84.9,3.6,50.4,65.6,47.1,No,yes,,Yes
STU00113,29.0,Male,Rivers,UNN Nsukka,Law,4,1.91,75.6,8.2,74.5,189.8,13.1,yes,1,yes,No
STU00292,27.0,M,Lagos,UNN Nsukka,Statistics,2,1.97,80.0,11.3,-64.0,41.0,1.9,Yes,no,no,Yes
STU00393,19.0,M,Anambra,FUTA,Computer Science,4,1.8,53.0,4.0,56.7,94.0,,no,0,No,
STU00199,26.0,male,Kano,University of Ibadan,Physics,2,3.49,83.1,9.3,91.6,66.2,34.9,Yes,0,yes,1
STU00101,29.0,FEMALE,Rivers,University of Ibadan,Accounting,5,48.6,87.1%,10.1,89.1,59.8,9.3,yes,,no,0
STU00350,28.0,,Borno,UNIPORT,Engineering,4,,99.5,11.9,64.2,83.3%,2.4,Yes,Yes,0,1
STU00071,26.0,FEMALE,Rivers,UNIPORT,Physics,3,3.17,46.9,9.4,90.9%,36.7,47.5,1,no,1,1
STU00477,17.0,F,Kano,UNIBEN,Accounting,2,1.02,69.6,5.0,71.1,98.4,31.4,No,0,No,Yes
STU00008,18.0,Male,Abuja,,Mathematics,3,,93.0,1.0,-97.9,81.1,9.1,No,No,1,
STU00094,20.0,M,Enugu,FUTA,Accounting,5,1.42,85.6,10.5,90.5,81.9,38.3,Yes,0,Yes,no
STU00079,29.0,F,Bauchi,BUK Kano,Mathematics,3,1.13,79.8,5.9,89.5,49.5,13.0,no,Yes,No,No
STU00174,27.0,,Kano,,Medicine,1,4.33,95.8,5.3,56.3,31.7,39.3km,,Yes,0,0
STU00018,27.0,M,Imo,University of Ibadan,,5,2.24,50.4,2.7,97.8,37.7,43.8,Yes,no,Yes,0
STU00020,26.0,Female,Kogi,UNIBEN,,4,1.21,67.3,320.0,76.6,,32.8,no,1,Yes,no
STU00167,30.0,M,Bauchi,ABU Zaria,Economics,500,1.94,89.6,4.9,65.8,97.1,47.7,Yes,No,,no
STU00475,29.0,M,Ekiti,UNIBEN,Physics,5,,62.2,8.0,-98.2,76.5,26.8,0,no,0,1
STU00112,17.0,,Rivers,BUK Kano,Statistics,4,3.88,48.4,8.6,74.3,92.0,35.2,no,0,,0
STU00216,26.0,Female,Kaduna,ATBU Bauchi,Statistics,4,4.07,89.5,12.0,93.0,89.4,24.2,,no,0,
STU00281,28.0,M,Delta,UNN Nsukka,Accounting,5,4.6,,6.9,79.6,74.1,40.0km,1,0,No,No
STU00223,16.0,,Enugu,UNN Nsukka,Architecture,3,1.7,50.3,-3.4,54.2,73.9,29.9,no,1,1,0
STU00076,22.0,Female,Lagos,FUTA,,1,1.65,-45.6,5.4,93.9,97.0,14.0,No,Yes,,Yes
STU00464,17.0,Male,Anambra,ABU,Law,3,3.33,90.4,10.4,46.7,56.9,25.4,yes,,1,yes
STU00213,26.0,Male,Kogi,University of Ibadan,Mathematics,1,-2.78,53.0%,4.0,80.7,78.9,16.4,1,No,0,
STU00050,22.0,,Abuja,BUK Kano,,,1.6,97.7,-5.2,75.9,79.9,32.4,yes,yes,No,
STU00299,28.0,FEMALE,Bauchi,UNIPORT,Law,2,4.95,41.5,9.5,67.2,67.8,4.3,No,no,yes,0
STU00194,28.0,F,Lagos,BUK Kano,Statistics,4,3.06,91.3,1.1,52.7,75.6,-30.0,Yes,No,,1
STU00362,25.0,male,,ATBU Bauchi,Statistics,5,2.46,54.2,6.2,79.9,70.4,26.0,1,1,No,1
